"","plot_name"
"1","UYLN003"
"2","e2750-1"
"3","e2750-2"
"4","c1250-1"
"5","c1750-1"
"6","c1750-3"
"7","c1000-1"
"8","c750-3"
"9","e2250-2"
"10","e1750-2"
"11","e1750-1"
"12","e750-3"
"13","e2250-1"
"14","e1750-3"
"15","e750-2"
"16","c1750-2"
"17","c2750-1"
"18","c2750-2"
"19","c2750-3"
"20","c2250-1"
"21","H2-2"
"22","Omete"
"23","Chaco"
"24","Masay"
"25","Flor"
"26","Cosig"
"27","m1750-2"
"28","m2750-2"
"29","m1750-3"
"30","m1250-2"
"31","FO-b"
"32","m1250-1"
"33","SFPlot"
"34","MAKOKOU2"
"35","HUAMANI"
"36","LO-1"
"37","KENNEDY"
"38","BELINGA"
"39","MUDUMAL1"
"40","IH2-4"
"41","LUQUILLO"
"42","ENCANTO"
"43","PERSEVER"
"44","MV-1"
"45","MISHNFL"
"46","CALABATE"
"47","AC-2"
"48","MOTOZINT"
"49","BENITO"
"50","NOSYMANG"
"51","INCAHUAR"
"52","PERROMUE"
"53","SANSEBAS"
"54","SEMENGOH"
"55","Wind"
"56","SFGentry"
"57","POTOMAC"
"58","CHAMELA4"
"59","ALEGRIA-3"
"60","ALEGRIA-4"
"61","ALEGRIA-2"
"62","ALEGRIA-1"
"63","ALEGRIA-6"
"64","ALEGRIA-5"
"65","ALEGRIA-9"
"66","ALEGRIA-7"
"67","ALEGRIA-10"
"68","ALEGRIA-8"
"69","ALEGRIA-11"
"70","SABALUYO-6"
"71","SABALUYO-11"
"72","SABALUYO-7"
"73","SABALUYO-8"
"74","SABALUYO-4"
"75","SABALUYO-9"
"76","SABALUYO-1"
"77","SABALUYO-5"
"78","SABALUYO-10"
"79","SABALUYO-3"
"80","SABALUYO-2"
"81","VALENCIA-4"
"82","BOCA-5"
"83","VALENCIA-2"
"84","BOCA-1"
"85","BOCA-2"
"86","VALENCIA-1"
"87","VALENCIA-3"
"88","BOCA-4"
"89","BOCA-7"
"90","BOCA-3"
"91","BOCA-9"
"92","BOCA-6"
"93","BOCA-8"
"94","VALENCIA-5"
"95","VALENCIA-8"
"96","ARTURO-5"
"97","ARTURO-6"
"98","VALENCIA-6"
"99","ARTURO-3"
"100","BVGentry"
"101","BVPlot"
"102","ARTURO-1"
"103","VALENCIA-7"
"104","ARTURO-2"
"105","TRES_ISLAS-6"
"106","PALMA_REAL-11"
"107","ARTURO-7"
"108","ARTURO-9"
"109","ARTURO-4"
"110","PALMA_REAL-6"
"111","TRES_ISLAS-2"
"112","TRES_ISLAS-5"
"113","ARTURO-8"
"114","TRES_ISLAS-1"
"115","PALMA_REAL-3"
"116","PALMA_REAL-4"
"117","PALMA_REAL-7"
"118","PALMA_REAL-1"
"119","PALMA_REAL-2"
"120","TRES_ISLAS-7"
"121","PALMA_REAL-8"
"122","PALMA_REAL-10"
"123","PALMA_REAL-9"
"124","TRES_ISLAS-4"
"125","TRES_ISLAS-3"
"126","PALMA_REAL-5"
"127","SONENE-1"
"128","SONENE-3"
"129","SONENE-2"
"130","SONENE-4"
"131","TRES_ISLAS-8"
"132","SONENE-8"
"133","SONENE-5"
"134","SANDOVAL-2"
"135","SONENE-7"
"136","SANDOVAL-1"
"137","SONENE-6"
"138","SANDOVAL-3"
"139","TRES_ISLAS-9"
"140","SONENE-9"
"141","TRES_ISLAS-10"
"142","JORGE_CHAVEZ-6"
"143","SONENE-10"
"144","BAHUAJA-1"
"145","JORGE_CHAVEZ-5"
"146","BAHUAJA-2"
"147","JORGE_CHAVEZ-4"
"148","JORGE_CHAVEZ-7"
"149","JORGE_CHAVEZ-9"
"150","JORGE_CHAVEZ-10"
"151","JORGE_CHAVEZ-8"
"152","BAHUAJA-4"
"153","BAHUAJA-3"
"154","LA_TORRE-2"
"155","LA_TORRE-1"
"156","LA_TORRE-5"
"157","LA_TORRE-9"
"158","LA_TORRE-8"
"159","LA_TORRE-4"
"160","LA_TORRE-3"
"161","LA_TORRE-7"
"162","LA_TORRE-6"
"163","BOSQUEDE"
"164","LASJOYAS"
"165","CR-1"
"166","UYLN002"
"167","UYLN001"
"168","UYLN004"
"169","e750-1"
"170","m750-1"
"171","LT-1"
"172","H1-2"
"173","H1-1"
"174","CR-2"
"175","BC-2"
"176","BC-1"
"177","ch2"
"178","CP-2"
"179","MAQUIPUC"
"180","DURENO"
"181","MUDUMAL2"
"182","RIOHEATH"
"183","DAVIES"
"184","CHAMELA1"
"185","CHAMELA3"
"186","CHAMELA2"
"187","MATTHIES"
"188","QUINCEOC"
"189","YANAIGUA"
"190","IH2-3"
"191","CP-1"
"192","LF-2"
"193","LG-b"
"194","SR-1"
"195","AC-1"
"196","Alice"
"197","Bauer"
"198","Camp"
"199","Caste"
"200","Croco"
"201","Curry"
"202","Deer"
"203","Elliot"
"204","Fuchs"
"205","Gumbo"
"206","John1"
"207","John2"
"208","Largo"
"209","Long"
"210","LV"
"211","Mathe"
"212","NoN"
"213","Palm"
"214","Ratt"
"215","Simp"
"216","Visca"
"217","Wat"
"218","PV"
"219","c2000-1"
"220","c2000-2"
"221","LO-2"
"222","c750-2"
"223","c750-1"
"224","c500-1"
"225","e1250-1"
"226","m2750-3"
"227","m2750-1"
"228","m2250-1"
"229","m1750-1"
"230","m750-2"
"231","LSSFP_13"
"232","LSSFP_21"
"233","LSSFP_26"
"234","LSSFP_23"
"235","LSSFP_29"
"236","LSSFP_27"
"237","LSSFP_19"
"238","LSSFP_28"
"239","LSSFP_10"
"240","LSSFP_4"
"241","LSSFP_7"
"242","LSSFP_8"
"243","LSSFP_30"
"244","LSSFP_9"
"245","LSSFP_11"
"246","LSSFP_18"
"247","LSSFP_1"
"248","LSSFP_2"
"249","LSSFP_20"
"250","LSSFP_17"
"251","LSSFP_3"
"252","LSSFP_15"
"253","LSSFP_6"
"254","LSSFP_5"
"255","LSSFP_16"
"256","LSSFP_22"
"257","LSSFP_14"
"258","LSSFP_12"
"259","LSSFP_24"
"260","LSSFP_25"
"261","EN-2"
"262","LF-1"
"263","ch1"
"264","EN-1"
"265","LT-2"
"266","LT-3"
"267","H2-1"
"268","ARCATING"
"269","ARARACUA"
"270","PASOCHOA"
"271","MAKOKOU1"
"272","RIOPAL1"
"273","RIOPAL2"
"274","ELCORAZO"
"275","BILSA"
"276","CENTINEL"
"277","CERONEB1"
"278","CERONEB2"
"279","ESMERALD"
"280","UCHIRE"
"281","CABEZADE"
"282","SHIRINGA"
"283","MANAURE"
"284","CERROESP"
"285","MAGSASAY"
"286","LASELVA"
"287","SABANARU"
"288","GUANUP"
"289","GUANGF"
"290","NUEVOMUN"
"291","JATUNSAC"
"292","GALERAZ"
"293","MONTEVER"
"294","ALTODEMI"
"295","JAUNECHE"
"296","LAGENOA"
"297","CAMPANO"
"298","CUEVA"
"299","AVALANCH"
"300","TAYRONA"
"301","LAPLANAD"
"302","NADUGANI"
"303","COCHACAS"
"304","CERROOLU"
"305","CUZCOAMA"
"306","TAMBO"
"307","TAMBLAT2"
"308","TAMBUPL"
"309","TAMBOALL"
"310","RIOTAVAR"
"311","PROVIDEN"
"312","CANDAMO"
"313","MADIDI"
"314","MADIDIRI"
"315","CERROELP"
"316","KHAOYAI"
"317","BELEM"
"318","SAKAERA2"
"319","SAKAERAT"
"320","CHAQUIMA"
"321","SACRAM"
"322","ANKARIF"
"323","BAKOSAR"
"324","PALANAN"
"325","SANTACRU"
"326","QUIAPACA"
"327","SANTIAGO"
"328","MOGOTE"
"329","ROUNDTOP"
"330","ROUNDSLO"
"331","TUXTLAS"
"332","CURUYUQU"
"333","CURUYUQR"
"334","PERINET"
"335","LOSHAITI"
"336","LINHARES"
"337","BRISEFER"
"338","KENTING"
"339","NANJENSH"
"340","NEWCALDO"
"341","FINCAM"
"342","CAMPINAS"
"343","SIERRARO"
"344","CAMORIN"
"345","BORACEIA"
"346","BEZA2"
"347","BEZA3"
"348","BEZA1"
"349","NDAKANI"
"350","NDAKANNI"
"351","JEJUIMI"
"352","CARLOSBO"
"353","PARQUEER"
"354","SALTA"
"355","ALTERDOC"
"356","RIACHUEL"
"357","CAPEIRA"
"358","PASOH30"
"359","PASOH40"
"360","MANAUS"
"361","SUCUSARI"
"362","YANAM2"
"363","YANAM1"
"364","ACHUPALL"
"365","YANAMTAH"
"366","CUANGOS"
"367","CHIBA"
"368","INDIANA"
"369","FINCAZ"
"370","FARALL"
"371","DUCKE"
"372","SAUL"
"373","HACHIMAL"
"374","ANCHICAY"
"375","TAHUAMPA"
"376","MISHWS"
"377","ALLPAHUA"
"378","GENTING"
"379","MARTIN"
"380","CALIMA"
"381","UCUMARI"
"382","MIRADOR"
"383","PUYEHUE"
"384","MTCAM"
"385","AMOTAPE"
"386","CONSTANC"
"387","MIAZI"
"388","NANGARIT"
"389","CUYAS"
"390","MTSTHILA"
"391","CARPANTA"
"392","SIETECUE"
"393","CERROAYP"
"394","CEDRAL"
"395","ALLACHER"
"396","JENAROHE"
"397","SANTOTOM"
"398","BANYONG"
"399","NEUSA"
"400","BAITETE"
"401","CHIRINOS"
"402","MARIQUIT"
"403","KITLOPE1"
"404","KITLOPE2"
"405","SUDERHAC"
"406","BERBICER"
"407","KORUP"
"408","VENCER"
"409","TUTUNEND"
"410","CARAJAS"
"411","MTWILHEL"
"412","UPPSALA"
"413","RUISSALO"
"414","LIESJVAR"
"415","CHORROBL"
"416","CUTERVO"
"417","ELPARGO"
"418","TARAPOTO"
"419","MURRI"
"420","PANDE"
"421","CUEVAS"
"422","PUGU"
"423","ALTOSAPA"
"424","ANTADO"
"425","OMOFOR"
"426","RIOMANSO"
"427","LARAYA"
"428","BLOHMR"
"429","OSASIREN"
"430","RANCHOQU"
"431","HUMBOLDT"
"432","LLANO"
"433","CURUNDU"
"434","MADDEN"
"435","PIPELINE"
"436","VARIRATA"
"437","COLOSOI"
"438","CARARA"
"439","RIONEGRO"
"440","COLORADO"
"441","LAURELRI"
"442","TIMBERLI"
"443","UFHORTIC"
"444","SANFELAS"
"445","WILDBASI"
"446","ROCKCREE"
"447","VALLEYVI"
"448","BABLERSP"
"449","TYSONWOO"
"450","TYSONGLA"
"451","BURLING"
"452","CUIVRE"
"453","NWBRANCH"
"454","HEUSTOBM"
"455","HEUSTOMF"
"456","CEDARBLU"
"457","BANKAMP"
"458","JONESMIL"
"459","INDIANCA"
"460","KANEALLE"
"461","TIDROUTE"
"462","CARY"
"463","MONTGOME"
